openhab.openhab, bundles/action/org.openhab.action.twitter/src/main/java/org/openhab/action/twitter/internal/Twitter.java, 170, 6550ca67932a2e1ea9400bc020024742e937e2b6, 9cb660ea9ec37721f62b79d727358fa4636f8fa0
openhab.openhab, bundles/binding/org.openhab.binding.gpio/src/main/java/org/openhab/binding/gpio/internal/GPIOGenericBindingProvider.java, 111, f134246ed9ef17b49dfed0367b1c1e9f575745d9, a2a8ce4c2c548aec39644a79d4d0de1a600726bd
openhab.openhab, bundles/binding/org.openhab.binding.panstamp/src/main/java/org/openhab/binding/panstamp/internal/ConfigDeviceStore.java, 57, 604d099376ed4466ba7f73521953e2eea734b93d, fa0710985c6520b8569be312364fe1cc36b1bdcd
openhab.openhab, bundles/binding/org.openhab.binding.insteonplm/src/main/java/org/openhab/binding/insteonplm/internal/device/MessageHandler.java, 976, 5f5cd45dfa66a816f86995a9540a536c55141ca4, 1ee76e90338de7f3d692e4ea9fdda813cfef2eba
openhab.openhab, bundles/binding/org.openhab.binding.caldav-personal/src/main/java/org/openhab/binding/caldav_personal/internal/CalDavBinding.java, 223, a4980ba44a28ec8a5e6f0eef348ca94ac2438d68, d16d4a02a30e1dedb36874d8bb8847d4602c84e5
openhab.openhab, bundles/binding/org.openhab.binding.ihc/src/main/java/org/openhab/binding/ihc/internal/IhcDataConverter.java, 195, c818c799fcc7a2a922892754dfd62611bea1123a, 8b7a6bda79aa127b3ca9c12ceceed1a4f2588d5e
openhab.openhab, bundles/binding/org.openhab.binding.zwave/src/main/java/org/openhab/binding/zwave/internal/protocol/commandclass/ZWaveBatteryCommandClass.java, 103, 0d0ab352fa9a8ac9cb2dcb543ba1705a4e187eb1, db119f1740f3517172081541e211de940b3d2f9c
openhab.openhab, bundles/binding/org.openhab.binding.zwave/src/main/java/org/openhab/binding/zwave/internal/protocol/commandclass/ZWaveBatteryCommandClass.java, 103, 0d0ab352fa9a8ac9cb2dcb543ba1705a4e187eb1, db119f1740f3517172081541e211de940b3d2f9c
openhab.openhab, bundles/binding/org.openhab.binding.netatmo/src/main/java/org/openhab/binding/netatmo/internal/NetatmoBinding.java, 213, 363b7fa22f42bde9ccec8b66b8bc554e9b710a1b, da5e03aa314c78ef06666de61f609ece8fc41446
openhab.openhab, bundles/binding/org.openhab.binding.netatmo/src/main/java/org/openhab/binding/netatmo/internal/weather/GetStationsDataResponse.java, 602, 58d4d29c049c0bf8314d2c0b00ef133ee68c77e9, a481dcbd4696e4b1277028ec08b9b781502fb5df
openhab.openhab, bundles/binding/org.openhab.binding.netatmo/src/main/java/org/openhab/binding/netatmo/internal/weather/GetStationsDataResponse.java, 604, 58d4d29c049c0bf8314d2c0b00ef133ee68c77e9, a481dcbd4696e4b1277028ec08b9b781502fb5df
openhab.openhab, bundles/binding/org.openhab.binding.netatmo/src/main/java/org/openhab/binding/netatmo/internal/weather/GetStationsDataResponse.java, 606, 58d4d29c049c0bf8314d2c0b00ef133ee68c77e9, a481dcbd4696e4b1277028ec08b9b781502fb5df
openhab.openhab, bundles/binding/org.openhab.binding.netatmo/src/main/java/org/openhab/binding/netatmo/internal/weather/GetStationsDataResponse.java, 608, 58d4d29c049c0bf8314d2c0b00ef133ee68c77e9, a481dcbd4696e4b1277028ec08b9b781502fb5df
openhab.openhab, bundles/binding/org.openhab.binding.netatmo/src/main/java/org/openhab/binding/netatmo/internal/weather/GetStationsDataResponse.java, 646, 58d4d29c049c0bf8314d2c0b00ef133ee68c77e9, a481dcbd4696e4b1277028ec08b9b781502fb5df
openhab.openhab, bundles/binding/org.openhab.binding.netatmo/src/main/java/org/openhab/binding/netatmo/internal/weather/GetStationsDataResponse.java, 648, 58d4d29c049c0bf8314d2c0b00ef133ee68c77e9, a481dcbd4696e4b1277028ec08b9b781502fb5df
openhab.openhab, bundles/binding/org.openhab.binding.netatmo/src/main/java/org/openhab/binding/netatmo/internal/weather/GetStationsDataResponse.java, 650, 58d4d29c049c0bf8314d2c0b00ef133ee68c77e9, a481dcbd4696e4b1277028ec08b9b781502fb5df
openhab.openhab, bundles/binding/org.openhab.binding.netatmo/src/main/java/org/openhab/binding/netatmo/internal/weather/GetStationsDataResponse.java, 652, 58d4d29c049c0bf8314d2c0b00ef133ee68c77e9, a481dcbd4696e4b1277028ec08b9b781502fb5df
openhab.openhab, bundles/binding/org.openhab.binding.weather/src/main/java/org/openhab/binding/weather/internal/scheduler/WeatherJobScheduler.java, 60, 623a0ead3cbcf3a722365aedcbcecc4fbbc74131, fb59dd68aeaf0f9518239c683ceb0d78bebee017
openhab.openhab, bundles/action/org.openhab.action.satel/src/main/java/org/openhab/action/satel/internal/SatelActionService.java, 64, de0619f9a5ddaae3c2b3248dc82bca1d0f8c11aa, 5a13d649839aa5652e51dfaa2d023ca5108b3d73
openhab.openhab, bundles/action/org.openhab.action.satel/src/main/java/org/openhab/action/satel/internal/SatelActionService.java, 73, de0619f9a5ddaae3c2b3248dc82bca1d0f8c11aa, 5a13d649839aa5652e51dfaa2d023ca5108b3d73
openhab.openhab, bundles/binding/org.openhab.binding.rfxcom/src/main/java/org/openhab/binding/rfxcom/internal/messages/RFXComCurrentEnergyMessage.java, 150, fa829ec763703ed534b7fa1d79271857a28f4142, 20f2e3ba56c27ab9afe4acb59dce86b639bbdd78
openhab.openhab, bundles/binding/org.openhab.binding.rfxcom/src/main/java/org/openhab/binding/rfxcom/internal/messages/RFXComDateTimeMessage.java, 166, fa829ec763703ed534b7fa1d79271857a28f4142, 20f2e3ba56c27ab9afe4acb59dce86b639bbdd78
openhab.openhab, bundles/binding/org.openhab.binding.rfxcom/src/main/java/org/openhab/binding/rfxcom/internal/messages/RFXComTemperatureRainMessage.java, 111, fa829ec763703ed534b7fa1d79271857a28f4142, 20f2e3ba56c27ab9afe4acb59dce86b639bbdd78
openhab.openhab, bundles/binding/org.openhab.binding.fritzboxtr064/src/main/java/org/openhab/binding/fritzboxtr064/internal/Tr064Comm.java, 227, d0c64987a9cb694631a3e5bc77b669f49f93a30e, 3b76f51ab2bbd4ae86dc7b333fc78bee52c1ec0b
openhab.openhab, bundles/binding/org.openhab.binding.fritzboxtr064/src/main/java/org/openhab/binding/fritzboxtr064/internal/Tr064Comm.java, 737, d0c64987a9cb694631a3e5bc77b669f49f93a30e, 3b76f51ab2bbd4ae86dc7b333fc78bee52c1ec0b
openhab.openhab, bundles/binding/org.openhab.binding.fritzboxtr064/src/main/java/org/openhab/binding/fritzboxtr064/internal/Tr064Comm.java, 802, d0c64987a9cb694631a3e5bc77b669f49f93a30e, 3b76f51ab2bbd4ae86dc7b333fc78bee52c1ec0b
openhab.openhab, bundles/binding/org.openhab.binding.fritzboxtr064/src/main/java/org/openhab/binding/fritzboxtr064/internal/Tr064Comm.java, 227, a536b4a6a33b85f40af44fca53b33d8c0d8656a1, 3b76f51ab2bbd4ae86dc7b333fc78bee52c1ec0b
openhab.openhab, bundles/binding/org.openhab.binding.fritzboxtr064/src/main/java/org/openhab/binding/fritzboxtr064/internal/Tr064Comm.java, 737, a536b4a6a33b85f40af44fca53b33d8c0d8656a1, 3b76f51ab2bbd4ae86dc7b333fc78bee52c1ec0b
openhab.openhab, bundles/binding/org.openhab.binding.fritzboxtr064/src/main/java/org/openhab/binding/fritzboxtr064/internal/Tr064Comm.java, 802, a536b4a6a33b85f40af44fca53b33d8c0d8656a1, 3b76f51ab2bbd4ae86dc7b333fc78bee52c1ec0b
openhab.openhab, bundles/binding/org.openhab.binding.novelanheatpump/src/main/java/org/openhab/binding/novelanheatpump/internal/HeatPumpBinding.java, 196, d2ef1a77b447f376d25a9ce03662fc4c2a27ad25, 3f5e4342744b357775c461f34662c107d5d3983b
openhab.openhab, bundles/binding/org.openhab.binding.novelanheatpump/src/main/java/org/openhab/binding/novelanheatpump/internal/HeatPumpBinding.java, 196, c6f1ef95e0c2d48cbeb3d6e88a271b2df6399494, ceade0423a2bd82464f41977ba28c45fc9539d89
openhab.openhab, bundles/binding/org.openhab.binding.rfxcom/src/main/java/org/openhab/binding/rfxcom/internal/messages/RFXComCurrentMessage.java, 131, 0b3166b35fac48f68ba84f1110421d99c4222244, 4a8eb0aac0677a6aeb66472f4cac1c0e3cdf0fcc
openhab.openhab, bundles/binding/org.openhab.binding.rfxcom/src/main/java/org/openhab/binding/rfxcom/internal/messages/RFXComEnergyMessage.java, 142, 0b3166b35fac48f68ba84f1110421d99c4222244, 4a8eb0aac0677a6aeb66472f4cac1c0e3cdf0fcc
openhab.openhab, bundles/binding/org.openhab.binding.rfxcom/src/main/java/org/openhab/binding/rfxcom/internal/messages/RFXComRainMessage.java, 115, 0b3166b35fac48f68ba84f1110421d99c4222244, 4a8eb0aac0677a6aeb66472f4cac1c0e3cdf0fcc
openhab.openhab, bundles/binding/org.openhab.binding.rfxcom/src/main/java/org/openhab/binding/rfxcom/internal/messages/RFXComUVMessage.java, 129, 0b3166b35fac48f68ba84f1110421d99c4222244, 4a8eb0aac0677a6aeb66472f4cac1c0e3cdf0fcc
openhab.openhab, bundles/binding/org.openhab.binding.rfxcom/src/main/java/org/openhab/binding/rfxcom/internal/messages/RFXComWindMessage.java, 140, 0b3166b35fac48f68ba84f1110421d99c4222244, 4a8eb0aac0677a6aeb66472f4cac1c0e3cdf0fcc
openhab.openhab, bundles/binding/org.openhab.binding.zwave/src/main/java/org/openhab/binding/zwave/internal/config/ZWaveConfiguration.java, 393, f234c4b35a51ebc8950e2817ef8472d6971e9b85, 4871b5c29b658585697b58b1a63735290c98a270
openhab.openhab, bundles/binding/org.openhab.binding.zwave/src/main/java/org/openhab/binding/zwave/internal/config/ZWaveConfiguration.java, 393, fdf006472803475925acac0b66e57225254d8d4e, acd7e159d2b9ce1cad742ebadce8ce1804553ad1
openhab.openhab, bundles/binding/org.openhab.binding.zwave/src/main/java/org/openhab/binding/zwave/internal/config/ZWaveConfiguration.java, 387, 6b1aa819b0f3ce0b5dee0e70470738f22d81af38, 732d9051d4be10de3b8f42771af2d08d0c14da7a
openhab.openhab, bundles/binding/org.openhab.binding.zwave/src/main/java/org/openhab/binding/zwave/internal/config/ZWaveConfiguration.java, 387, acd7e159d2b9ce1cad742ebadce8ce1804553ad1, e2e553cb5bd4d7239da8b8e58f7af7f210d18b1e
openhab.openhab, bundles/binding/org.openhab.binding.rfxcom/src/main/java/org/openhab/binding/rfxcom/internal/messages/RFXComCurrentMessage.java, 131, 9a0a814c76eb7b63376625513c16a8c91c045afb, 693a52814c462eb0f3b96e6c6c1c381892406c42
openhab.openhab, bundles/binding/org.openhab.binding.rfxcom/src/main/java/org/openhab/binding/rfxcom/internal/messages/RFXComEnergyMessage.java, 142, 9a0a814c76eb7b63376625513c16a8c91c045afb, 693a52814c462eb0f3b96e6c6c1c381892406c42
openhab.openhab, bundles/binding/org.openhab.binding.rfxcom/src/main/java/org/openhab/binding/rfxcom/internal/messages/RFXComRainMessage.java, 115, 9a0a814c76eb7b63376625513c16a8c91c045afb, 693a52814c462eb0f3b96e6c6c1c381892406c42
openhab.openhab, bundles/binding/org.openhab.binding.rfxcom/src/main/java/org/openhab/binding/rfxcom/internal/messages/RFXComUVMessage.java, 129, 9a0a814c76eb7b63376625513c16a8c91c045afb, 693a52814c462eb0f3b96e6c6c1c381892406c42
openhab.openhab, bundles/binding/org.openhab.binding.rfxcom/src/main/java/org/openhab/binding/rfxcom/internal/messages/RFXComWindMessage.java, 140, 9a0a814c76eb7b63376625513c16a8c91c045afb, 693a52814c462eb0f3b96e6c6c1c381892406c42
openhab.openhab, bundles/binding/org.openhab.binding.milight/src/main/java/org/openhab/binding/milight/internal/MilightBinding.java, 222, 9f0d922f042d7342252ad2e1476ae45002c89cfd, aedb000cb50d123d7c13ba89fbd6b8c51e1fd80a
openhab.openhab, bundles/binding/org.openhab.binding.milight/src/main/java/org/openhab/binding/milight/internal/MilightBinding.java, 231, 9f0d922f042d7342252ad2e1476ae45002c89cfd, aedb000cb50d123d7c13ba89fbd6b8c51e1fd80a
openhab.openhab, bundles/binding/org.openhab.binding.milight/src/main/java/org/openhab/binding/milight/internal/MilightBinding.java, 719, 9f0d922f042d7342252ad2e1476ae45002c89cfd, aedb000cb50d123d7c13ba89fbd6b8c51e1fd80a
openhab.openhab, bundles/binding/org.openhab.binding.milight/src/main/java/org/openhab/binding/milight/internal/MilightBinding.java, 742, 9f0d922f042d7342252ad2e1476ae45002c89cfd, aedb000cb50d123d7c13ba89fbd6b8c51e1fd80a
openhab.openhab, bundles/binding/org.openhab.binding.milight/src/main/java/org/openhab/binding/milight/internal/MilightBinding.java, 222, 25923003ecdba4ed236618b917dadeb36e74addf, b5a457613183b4042f93f25bb0b375bf5de4f4ee
openhab.openhab, bundles/binding/org.openhab.binding.milight/src/main/java/org/openhab/binding/milight/internal/MilightBinding.java, 231, 25923003ecdba4ed236618b917dadeb36e74addf, b5a457613183b4042f93f25bb0b375bf5de4f4ee
openhab.openhab, bundles/binding/org.openhab.binding.milight/src/main/java/org/openhab/binding/milight/internal/MilightBinding.java, 719, 25923003ecdba4ed236618b917dadeb36e74addf, b5a457613183b4042f93f25bb0b375bf5de4f4ee
openhab.openhab, bundles/binding/org.openhab.binding.milight/src/main/java/org/openhab/binding/milight/internal/MilightBinding.java, 742, 25923003ecdba4ed236618b917dadeb36e74addf, b5a457613183b4042f93f25bb0b375bf5de4f4ee
openhab.openhab, bundles/binding/org.openhab.binding.myq/src/main/java/org/openhab/binding/myq/internal/LoginData.java, 49, 9716d2ae673a576cb345c3bfb24cf71654d8f112, 3181f10fb9e6b330d1effee25be3ef87872f8fa0
openhab.openhab, bundles/binding/org.openhab.binding.myq/src/main/java/org/openhab/binding/myq/internal/LoginData.java, 49, 9716d2ae673a576cb345c3bfb24cf71654d8f112, 3181f10fb9e6b330d1effee25be3ef87872f8fa0
openhab.openhab, bundles/binding/org.openhab.binding.myq/src/main/java/org/openhab/binding/myq/internal/MyqBinding.java, 192, 9716d2ae673a576cb345c3bfb24cf71654d8f112, 3181f10fb9e6b330d1effee25be3ef87872f8fa0
openhab.openhab, bundles/binding/org.openhab.binding.myq/src/main/java/org/openhab/binding/myq/internal/MyqBinding.java, 192, 9716d2ae673a576cb345c3bfb24cf71654d8f112, 3181f10fb9e6b330d1effee25be3ef87872f8fa0
openhab.openhab, bundles/binding/org.openhab.binding.myq/src/main/java/org/openhab/binding/myq/internal/MyqBinding.java, 281, 9716d2ae673a576cb345c3bfb24cf71654d8f112, 3181f10fb9e6b330d1effee25be3ef87872f8fa0
openhab.openhab, bundles/binding/org.openhab.binding.myq/src/main/java/org/openhab/binding/myq/internal/MyqBinding.java, 281, 9716d2ae673a576cb345c3bfb24cf71654d8f112, 3181f10fb9e6b330d1effee25be3ef87872f8fa0
openhab.openhab, bundles/binding/org.openhab.binding.myq/src/main/java/org/openhab/binding/myq/internal/MyqBinding.java, 360, 9716d2ae673a576cb345c3bfb24cf71654d8f112, 3181f10fb9e6b330d1effee25be3ef87872f8fa0
openhab.openhab, bundles/binding/org.openhab.binding.myq/src/main/java/org/openhab/binding/myq/internal/MyqBinding.java, 360, 9716d2ae673a576cb345c3bfb24cf71654d8f112, 3181f10fb9e6b330d1effee25be3ef87872f8fa0
openhab.openhab, bundles/binding/org.openhab.binding.myq/src/main/java/org/openhab/binding/myq/internal/MyqBinding.java, 377, 9716d2ae673a576cb345c3bfb24cf71654d8f112, 3181f10fb9e6b330d1effee25be3ef87872f8fa0
openhab.openhab, bundles/binding/org.openhab.binding.myq/src/main/java/org/openhab/binding/myq/internal/MyqBinding.java, 377, 9716d2ae673a576cb345c3bfb24cf71654d8f112, 3181f10fb9e6b330d1effee25be3ef87872f8fa0
openhab.openhab, bundles/binding/org.openhab.binding.myq/src/main/java/org/openhab/binding/myq/internal/MyqData.java, 101, 9716d2ae673a576cb345c3bfb24cf71654d8f112, 3181f10fb9e6b330d1effee25be3ef87872f8fa0
openhab.openhab, bundles/binding/org.openhab.binding.myq/src/main/java/org/openhab/binding/myq/internal/MyqData.java, 101, 9716d2ae673a576cb345c3bfb24cf71654d8f112, 3181f10fb9e6b330d1effee25be3ef87872f8fa0
openhab.openhab, bundles/binding/org.openhab.binding.myq/src/main/java/org/openhab/binding/myq/internal/MyqData.java, 115, 9716d2ae673a576cb345c3bfb24cf71654d8f112, 3181f10fb9e6b330d1effee25be3ef87872f8fa0
openhab.openhab, bundles/binding/org.openhab.binding.myq/src/main/java/org/openhab/binding/myq/internal/MyqData.java, 115, 9716d2ae673a576cb345c3bfb24cf71654d8f112, 3181f10fb9e6b330d1effee25be3ef87872f8fa0
openhab.openhab, bundles/binding/org.openhab.binding.myq/src/main/java/org/openhab/binding/myq/internal/MyqData.java, 186, 9716d2ae673a576cb345c3bfb24cf71654d8f112, 3181f10fb9e6b330d1effee25be3ef87872f8fa0
openhab.openhab, bundles/binding/org.openhab.binding.myq/src/main/java/org/openhab/binding/myq/internal/MyqData.java, 186, 9716d2ae673a576cb345c3bfb24cf71654d8f112, 3181f10fb9e6b330d1effee25be3ef87872f8fa0
openhab.openhab, bundles/binding/org.openhab.binding.myq/src/main/java/org/openhab/binding/myq/internal/MyqData.java, 192, 9716d2ae673a576cb345c3bfb24cf71654d8f112, 3181f10fb9e6b330d1effee25be3ef87872f8fa0
openhab.openhab, bundles/binding/org.openhab.binding.myq/src/main/java/org/openhab/binding/myq/internal/MyqData.java, 192, 9716d2ae673a576cb345c3bfb24cf71654d8f112, 3181f10fb9e6b330d1effee25be3ef87872f8fa0
openhab.openhab, bundles/binding/org.openhab.binding.myq/src/main/java/org/openhab/binding/myq/internal/MyqData.java, 202, 9716d2ae673a576cb345c3bfb24cf71654d8f112, 3181f10fb9e6b330d1effee25be3ef87872f8fa0
openhab.openhab, bundles/binding/org.openhab.binding.myq/src/main/java/org/openhab/binding/myq/internal/MyqData.java, 202, 9716d2ae673a576cb345c3bfb24cf71654d8f112, 3181f10fb9e6b330d1effee25be3ef87872f8fa0
openhab.openhab, bundles/binding/org.openhab.binding.myq/src/main/java/org/openhab/binding/myq/internal/LoginData.java, 49, 038ea1803bae1cf3be279b36395b4de4e0ff39b5, 17380150434ec1f8ab8a8caff3f9af5e2bbdaa9a
openhab.openhab, bundles/binding/org.openhab.binding.myq/src/main/java/org/openhab/binding/myq/internal/LoginData.java, 49, 038ea1803bae1cf3be279b36395b4de4e0ff39b5, 17380150434ec1f8ab8a8caff3f9af5e2bbdaa9a
openhab.openhab, bundles/binding/org.openhab.binding.myq/src/main/java/org/openhab/binding/myq/internal/MyqBinding.java, 192, 038ea1803bae1cf3be279b36395b4de4e0ff39b5, 17380150434ec1f8ab8a8caff3f9af5e2bbdaa9a
openhab.openhab, bundles/binding/org.openhab.binding.myq/src/main/java/org/openhab/binding/myq/internal/MyqBinding.java, 192, 038ea1803bae1cf3be279b36395b4de4e0ff39b5, 17380150434ec1f8ab8a8caff3f9af5e2bbdaa9a
openhab.openhab, bundles/binding/org.openhab.binding.myq/src/main/java/org/openhab/binding/myq/internal/MyqBinding.java, 281, 038ea1803bae1cf3be279b36395b4de4e0ff39b5, 17380150434ec1f8ab8a8caff3f9af5e2bbdaa9a
openhab.openhab, bundles/binding/org.openhab.binding.myq/src/main/java/org/openhab/binding/myq/internal/MyqBinding.java, 281, 038ea1803bae1cf3be279b36395b4de4e0ff39b5, 17380150434ec1f8ab8a8caff3f9af5e2bbdaa9a
openhab.openhab, bundles/binding/org.openhab.binding.myq/src/main/java/org/openhab/binding/myq/internal/MyqBinding.java, 360, 038ea1803bae1cf3be279b36395b4de4e0ff39b5, 17380150434ec1f8ab8a8caff3f9af5e2bbdaa9a
openhab.openhab, bundles/binding/org.openhab.binding.myq/src/main/java/org/openhab/binding/myq/internal/MyqBinding.java, 360, 038ea1803bae1cf3be279b36395b4de4e0ff39b5, 17380150434ec1f8ab8a8caff3f9af5e2bbdaa9a
openhab.openhab, bundles/binding/org.openhab.binding.myq/src/main/java/org/openhab/binding/myq/internal/MyqBinding.java, 377, 038ea1803bae1cf3be279b36395b4de4e0ff39b5, 17380150434ec1f8ab8a8caff3f9af5e2bbdaa9a
openhab.openhab, bundles/binding/org.openhab.binding.myq/src/main/java/org/openhab/binding/myq/internal/MyqBinding.java, 377, 038ea1803bae1cf3be279b36395b4de4e0ff39b5, 17380150434ec1f8ab8a8caff3f9af5e2bbdaa9a
openhab.openhab, bundles/binding/org.openhab.binding.myq/src/main/java/org/openhab/binding/myq/internal/MyqData.java, 101, 038ea1803bae1cf3be279b36395b4de4e0ff39b5, 17380150434ec1f8ab8a8caff3f9af5e2bbdaa9a
openhab.openhab, bundles/binding/org.openhab.binding.myq/src/main/java/org/openhab/binding/myq/internal/MyqData.java, 101, 038ea1803bae1cf3be279b36395b4de4e0ff39b5, 17380150434ec1f8ab8a8caff3f9af5e2bbdaa9a
openhab.openhab, bundles/binding/org.openhab.binding.myq/src/main/java/org/openhab/binding/myq/internal/MyqData.java, 115, 038ea1803bae1cf3be279b36395b4de4e0ff39b5, 17380150434ec1f8ab8a8caff3f9af5e2bbdaa9a
openhab.openhab, bundles/binding/org.openhab.binding.myq/src/main/java/org/openhab/binding/myq/internal/MyqData.java, 115, 038ea1803bae1cf3be279b36395b4de4e0ff39b5, 17380150434ec1f8ab8a8caff3f9af5e2bbdaa9a
openhab.openhab, bundles/binding/org.openhab.binding.myq/src/main/java/org/openhab/binding/myq/internal/MyqData.java, 186, 038ea1803bae1cf3be279b36395b4de4e0ff39b5, 17380150434ec1f8ab8a8caff3f9af5e2bbdaa9a
openhab.openhab, bundles/binding/org.openhab.binding.myq/src/main/java/org/openhab/binding/myq/internal/MyqData.java, 186, 038ea1803bae1cf3be279b36395b4de4e0ff39b5, 17380150434ec1f8ab8a8caff3f9af5e2bbdaa9a
openhab.openhab, bundles/binding/org.openhab.binding.myq/src/main/java/org/openhab/binding/myq/internal/MyqData.java, 192, 038ea1803bae1cf3be279b36395b4de4e0ff39b5, 17380150434ec1f8ab8a8caff3f9af5e2bbdaa9a
openhab.openhab, bundles/binding/org.openhab.binding.myq/src/main/java/org/openhab/binding/myq/internal/MyqData.java, 192, 038ea1803bae1cf3be279b36395b4de4e0ff39b5, 17380150434ec1f8ab8a8caff3f9af5e2bbdaa9a
openhab.openhab, bundles/binding/org.openhab.binding.myq/src/main/java/org/openhab/binding/myq/internal/MyqData.java, 202, 038ea1803bae1cf3be279b36395b4de4e0ff39b5, 17380150434ec1f8ab8a8caff3f9af5e2bbdaa9a
openhab.openhab, bundles/binding/org.openhab.binding.myq/src/main/java/org/openhab/binding/myq/internal/MyqData.java, 202, 038ea1803bae1cf3be279b36395b4de4e0ff39b5, 17380150434ec1f8ab8a8caff3f9af5e2bbdaa9a
openhab.openhab, bundles/binding/org.openhab.binding.withings/src/main/java/org/openhab/binding/withings/internal/WithingsGenericBindingProvider.java, 50, b343db0e694992c3f6c037bcc5eefae4c10db61f, 5091fef77997d84f0940a4be797541a40e9d4054
openhab.openhab, bundles/binding/org.openhab.binding.zwave/src/main/java/org/openhab/binding/zwave/internal/protocol/initialization/ZWaveNodeStageAdvancer.java, 750, ec6db0e0ab4948c4056a7c13da54f67c26c1ccaf, 9f33838169e4c3165d5ab75b879a7b1e6fa96bab
openhab.openhab, bundles/binding/org.openhab.binding.zwave/src/main/java/org/openhab/binding/zwave/internal/protocol/initialization/ZWaveNodeStageAdvancer.java, 750, ec6db0e0ab4948c4056a7c13da54f67c26c1ccaf, 9f33838169e4c3165d5ab75b879a7b1e6fa96bab
openhab.openhab, bundles/binding/org.openhab.binding.zwave/src/main/java/org/openhab/binding/zwave/internal/protocol/initialization/ZWaveNodeStageAdvancer.java, 750, a2e9823d1c81937fea9a5a72f6ee8c073eeeb100, 9f33838169e4c3165d5ab75b879a7b1e6fa96bab
openhab.openhab, bundles/binding/org.openhab.binding.zwave/src/main/java/org/openhab/binding/zwave/internal/protocol/initialization/ZWaveNodeStageAdvancer.java, 750, a2e9823d1c81937fea9a5a72f6ee8c073eeeb100, 9f33838169e4c3165d5ab75b879a7b1e6fa96bab
openhab.openhab, bundles/binding/org.openhab.binding.withings/src/main/java/org/openhab/binding/withings/internal/WithingsGenericBindingProvider.java, 50, 6b76d27c535a56fb1060f8e89870a5b6764812c3, 9f33838169e4c3165d5ab75b879a7b1e6fa96bab
openhab.openhab, bundles/binding/org.openhab.binding.insteonplm/src/main/java/org/openhab/binding/insteonplm/internal/device/InsteonDevice.java, 374, 8038c106a246401ddf7690a004d6daa3ee098299, de187c4ac29dbbbf3b3859a88fdc341a2748bbf5
openhab.openhab, bundles/binding/org.openhab.binding.insteonplm/src/main/java/org/openhab/binding/insteonplm/internal/device/InsteonDevice.java, 374, 8038c106a246401ddf7690a004d6daa3ee098299, de187c4ac29dbbbf3b3859a88fdc341a2748bbf5
openhab.openhab, bundles/binding/org.openhab.binding.insteonplm/src/main/java/org/openhab/binding/insteonplm/internal/device/InsteonDevice.java, 374, 198d4ef1420ba1c306b33cd48061c37d79fc8098, 0146da4c0a6accfe1df79ee77593f1ab1388333e
openhab.openhab, bundles/binding/org.openhab.binding.insteonplm/src/main/java/org/openhab/binding/insteonplm/internal/device/InsteonDevice.java, 374, 198d4ef1420ba1c306b33cd48061c37d79fc8098, 0146da4c0a6accfe1df79ee77593f1ab1388333e
openhab.openhab, bundles/binding/org.openhab.binding.zwave/src/main/java/org/openhab/binding/zwave/internal/protocol/commandclass/ZWaveCommandClass.java, 370, fee49a6279223da125be367228089d901dbaba28, 191f34beebd9e55608d1dd5634457152c5da3939
openhab.openhab, bundles/binding/org.openhab.binding.zwave/src/main/java/org/openhab/binding/zwave/internal/protocol/commandclass/ZWaveMultiCommandCommandClass.java, 114, 86be57325cc9593d2ff5cf6fd0d16c2e692e4933, beaa7eef392715a1ce6fd3663450c2bea604b933
openhab.openhab, bundles/binding/org.openhab.binding.zwave/src/main/java/org/openhab/binding/zwave/internal/protocol/commandclass/ZWaveMultiCommandCommandClass.java, 114, 647bac3a8b28b15a6d3fec9456f8062f1a2b8b3c, 575d36a15dfacbbf04bff3baaefea13604cbdd42
openhab.openhab, bundles/binding/org.openhab.binding.plex/src/main/java/org/openhab/binding/plex/internal/PlexBinding.java, 247, f4ef5cb8de13c00684bb38c6ac4360aee9e98a55, 31adf1c4b2ecf78540e71354ca1598a7f4c62a74
openhab.openhab, bundles/binding/org.openhab.binding.plex/src/main/java/org/openhab/binding/plex/internal/PlexBinding.java, 247, f4ef5cb8de13c00684bb38c6ac4360aee9e98a55, 31adf1c4b2ecf78540e71354ca1598a7f4c62a74
openhab.openhab, bundles/binding/org.openhab.binding.energenie/src/main/java/org/openhab/binding/energenie/internal/EnergenieBinding.java, 117, 1f360832f203ae6f9f5f674059f1a195b18db39c, affdf50f82063ab78ce4527f158450cd1d3cfe2e
openhab.openhab, bundles/binding/org.openhab.binding.knx/src/main/java/org/openhab/binding/knx/internal/bus/KNXBinding.java, 71, 3a1be8e56587d0c4665f54f0cc2536cbe0a375f7, 8124e1d28ce858c77350bc4000e7805581583457
openhab.openhab, bundles/binding/org.openhab.binding.knx/src/main/java/org/openhab/binding/knx/internal/bus/KNXBinding.java, 71, 3a1be8e56587d0c4665f54f0cc2536cbe0a375f7, 8124e1d28ce858c77350bc4000e7805581583457
openhab.openhab, bundles/binding/org.openhab.binding.ecobee/src/main/java/org/openhab/binding/ecobee/internal/EcobeeBinding.java, 342, c3d4ff240dc74621d12e89e24133b5cd928635ca, 664965e95ea96e695b677d8c633ac47a05aebb8e
openhab.openhab, bundles/binding/org.openhab.binding.knx/src/main/java/org/openhab/binding/knx/internal/bus/KNXBinding.java, 71, 7b7249ad2cc3f33406ab319cdf53ad86121fe177, af6a4908c4dd38c0f935803ab6b8ed99387219f2
openhab.openhab, bundles/binding/org.openhab.binding.knx/src/main/java/org/openhab/binding/knx/internal/bus/KNXBinding.java, 71, 7b7249ad2cc3f33406ab319cdf53ad86121fe177, af6a4908c4dd38c0f935803ab6b8ed99387219f2
openhab.openhab, bundles/binding/org.openhab.binding.plex/src/main/java/org/openhab/binding/plex/internal/PlexConnector.java, 359, af6a4908c4dd38c0f935803ab6b8ed99387219f2, decbd1bd742cbea4d986b3ae79c6189a1e6a4779
openhab.openhab, bundles/binding/org.openhab.binding.plex/src/main/java/org/openhab/binding/plex/internal/PlexConnector.java, 359, af6a4908c4dd38c0f935803ab6b8ed99387219f2, decbd1bd742cbea4d986b3ae79c6189a1e6a4779
openhab.openhab, bundles/binding/org.openhab.binding.plex/src/main/java/org/openhab/binding/plex/internal/PlexConnector.java, 363, af6a4908c4dd38c0f935803ab6b8ed99387219f2, decbd1bd742cbea4d986b3ae79c6189a1e6a4779
openhab.openhab, bundles/binding/org.openhab.binding.plex/src/main/java/org/openhab/binding/plex/internal/PlexConnector.java, 363, af6a4908c4dd38c0f935803ab6b8ed99387219f2, decbd1bd742cbea4d986b3ae79c6189a1e6a4779
openhab.openhab, bundles/binding/org.openhab.binding.plex/src/main/java/org/openhab/binding/plex/internal/PlexConnector.java, 392, af6a4908c4dd38c0f935803ab6b8ed99387219f2, decbd1bd742cbea4d986b3ae79c6189a1e6a4779
openhab.openhab, bundles/binding/org.openhab.binding.plex/src/main/java/org/openhab/binding/plex/internal/PlexConnector.java, 392, af6a4908c4dd38c0f935803ab6b8ed99387219f2, decbd1bd742cbea4d986b3ae79c6189a1e6a4779
openhab.openhab, bundles/binding/org.openhab.binding.plex/src/main/java/org/openhab/binding/plex/internal/PlexConnector.java, 359, 6b39c5db276e94dd4295254ac279e482703716af, 66c0ba83d19939203b0154caa28f1f90e3aeffd9
openhab.openhab, bundles/binding/org.openhab.binding.plex/src/main/java/org/openhab/binding/plex/internal/PlexConnector.java, 359, 6b39c5db276e94dd4295254ac279e482703716af, 66c0ba83d19939203b0154caa28f1f90e3aeffd9
openhab.openhab, bundles/binding/org.openhab.binding.plex/src/main/java/org/openhab/binding/plex/internal/PlexConnector.java, 363, 6b39c5db276e94dd4295254ac279e482703716af, 66c0ba83d19939203b0154caa28f1f90e3aeffd9
openhab.openhab, bundles/binding/org.openhab.binding.plex/src/main/java/org/openhab/binding/plex/internal/PlexConnector.java, 363, 6b39c5db276e94dd4295254ac279e482703716af, 66c0ba83d19939203b0154caa28f1f90e3aeffd9
openhab.openhab, bundles/binding/org.openhab.binding.plex/src/main/java/org/openhab/binding/plex/internal/PlexConnector.java, 392, 6b39c5db276e94dd4295254ac279e482703716af, 66c0ba83d19939203b0154caa28f1f90e3aeffd9
openhab.openhab, bundles/binding/org.openhab.binding.plex/src/main/java/org/openhab/binding/plex/internal/PlexConnector.java, 392, 6b39c5db276e94dd4295254ac279e482703716af, 66c0ba83d19939203b0154caa28f1f90e3aeffd9
openhab.openhab, bundles/ui/org.openhab.ui/src/main/java/org/openhab/ui/internal/items/ItemUIRegistryImpl.java, 228, ec666401f3cf68fd5c5f5b4009deec12ab6e3f45, 351c32722321f87f36fd8014dbaf7b28774a7574
openhab.openhab, bundles/ui/org.openhab.ui/src/main/java/org/openhab/ui/internal/items/ItemUIRegistryImpl.java, 228, ec666401f3cf68fd5c5f5b4009deec12ab6e3f45, 351c32722321f87f36fd8014dbaf7b28774a7574
openhab.openhab, bundles/ui/org.openhab.ui/src/main/java/org/openhab/ui/internal/items/ItemUIRegistryImpl.java, 228, 72b86ae3aa6b084fc0cacf3ad86506ac9cf6486b, 351c32722321f87f36fd8014dbaf7b28774a7574
openhab.openhab, bundles/ui/org.openhab.ui/src/main/java/org/openhab/ui/internal/items/ItemUIRegistryImpl.java, 228, 72b86ae3aa6b084fc0cacf3ad86506ac9cf6486b, 351c32722321f87f36fd8014dbaf7b28774a7574
openhab.openhab, bundles/binding/org.openhab.binding.milight/src/main/java/org/openhab/binding/milight/internal/MilightBinding.java, 206, f8946ee2b640061a35a4c16bf2588242f27053d7, 11f20fcf5e1fb4cc2cf7ddf1a2d01ee737f7fcb4
openhab.openhab, bundles/binding/org.openhab.binding.milight/src/main/java/org/openhab/binding/milight/internal/MilightBinding.java, 221, f8946ee2b640061a35a4c16bf2588242f27053d7, 11f20fcf5e1fb4cc2cf7ddf1a2d01ee737f7fcb4
openhab.openhab, bundles/binding/org.openhab.binding.milight/src/main/java/org/openhab/binding/milight/internal/MilightBinding.java, 206, d5db9f7ce7f4b2c3bfeed3e421213d03b19a8fdd, 11f20fcf5e1fb4cc2cf7ddf1a2d01ee737f7fcb4
openhab.openhab, bundles/binding/org.openhab.binding.milight/src/main/java/org/openhab/binding/milight/internal/MilightBinding.java, 221, d5db9f7ce7f4b2c3bfeed3e421213d03b19a8fdd, 11f20fcf5e1fb4cc2cf7ddf1a2d01ee737f7fcb4
openhab.openhab, bundles/binding/org.openhab.binding.zwave/src/main/java/org/openhab/binding/zwave/internal/config/ZWaveConfiguration.java, 261, a6dc024ed1176e0a4c523b1a64e8e907e1394d7b, c15acce17f82e2b055c66c179ea82367a30dee1c
openhab.openhab, bundles/binding/org.openhab.binding.zwave/src/main/java/org/openhab/binding/zwave/internal/config/ZWaveConfiguration.java, 356, a6dc024ed1176e0a4c523b1a64e8e907e1394d7b, c15acce17f82e2b055c66c179ea82367a30dee1c
openhab.openhab, bundles/binding/org.openhab.binding.zwave/src/main/java/org/openhab/binding/zwave/internal/config/ZWaveConfiguration.java, 405, a6dc024ed1176e0a4c523b1a64e8e907e1394d7b, c15acce17f82e2b055c66c179ea82367a30dee1c
openhab.openhab, bundles/binding/org.openhab.binding.zwave/src/main/java/org/openhab/binding/zwave/internal/config/ZWaveConfiguration.java, 624, a6dc024ed1176e0a4c523b1a64e8e907e1394d7b, c15acce17f82e2b055c66c179ea82367a30dee1c
openhab.openhab, bundles/binding/org.openhab.binding.zwave/src/main/java/org/openhab/binding/zwave/internal/config/ZWaveConfiguration.java, 655, a6dc024ed1176e0a4c523b1a64e8e907e1394d7b, c15acce17f82e2b055c66c179ea82367a30dee1c
openhab.openhab, bundles/binding/org.openhab.binding.zwave/src/main/java/org/openhab/binding/zwave/internal/config/ZWaveConfiguration.java, 1028, a6dc024ed1176e0a4c523b1a64e8e907e1394d7b, c15acce17f82e2b055c66c179ea82367a30dee1c
openhab.openhab, bundles/binding/org.openhab.binding.zwave/src/main/java/org/openhab/binding/zwave/internal/protocol/ZWaveController.java, 1181, a6dc024ed1176e0a4c523b1a64e8e907e1394d7b, c15acce17f82e2b055c66c179ea82367a30dee1c
openhab.openhab, bundles/binding/org.openhab.binding.zwave/src/main/java/org/openhab/binding/zwave/internal/protocol/ZWaveController.java, 1181, a6dc024ed1176e0a4c523b1a64e8e907e1394d7b, c15acce17f82e2b055c66c179ea82367a30dee1c
openhab.openhab, bundles/binding/org.openhab.binding.zwave/src/main/java/org/openhab/binding/zwave/internal/protocol/ZWaveController.java, 1423, a6dc024ed1176e0a4c523b1a64e8e907e1394d7b, c15acce17f82e2b055c66c179ea82367a30dee1c
openhab.openhab, bundles/binding/org.openhab.binding.zwave/src/main/java/org/openhab/binding/zwave/internal/protocol/ZWaveController.java, 1423, a6dc024ed1176e0a4c523b1a64e8e907e1394d7b, c15acce17f82e2b055c66c179ea82367a30dee1c
openhab.openhab, bundles/binding/org.openhab.binding.zwave/src/main/java/org/openhab/binding/zwave/internal/protocol/ZWaveNode.java, 410, a6dc024ed1176e0a4c523b1a64e8e907e1394d7b, c15acce17f82e2b055c66c179ea82367a30dee1c
openhab.openhab, bundles/binding/org.openhab.binding.zwave/src/main/java/org/openhab/binding/zwave/internal/protocol/ZWaveNode.java, 410, a6dc024ed1176e0a4c523b1a64e8e907e1394d7b, c15acce17f82e2b055c66c179ea82367a30dee1c
openhab.openhab, bundles/binding/org.openhab.binding.zwave/src/main/java/org/openhab/binding/zwave/internal/protocol/ZWaveNode.java, 416, a6dc024ed1176e0a4c523b1a64e8e907e1394d7b, c15acce17f82e2b055c66c179ea82367a30dee1c
openhab.openhab, bundles/binding/org.openhab.binding.zwave/src/main/java/org/openhab/binding/zwave/internal/protocol/ZWaveNode.java, 416, a6dc024ed1176e0a4c523b1a64e8e907e1394d7b, c15acce17f82e2b055c66c179ea82367a30dee1c
openhab.openhab, bundles/binding/org.openhab.binding.zwave/src/main/java/org/openhab/binding/zwave/internal/protocol/initialization/ZWaveNodeStageAdvancer.java, 319, b7a9f743db97d9925edf634525a7c8e6a6cc1dd1, 71ecabd15322f7ca8a0a8cbb88965a0e1249dbd9
openhab.openhab, bundles/binding/org.openhab.binding.zwave/src/main/java/org/openhab/binding/zwave/internal/protocol/initialization/ZWaveNodeStageAdvancer.java, 327, b7a9f743db97d9925edf634525a7c8e6a6cc1dd1, 71ecabd15322f7ca8a0a8cbb88965a0e1249dbd9
openhab.openhab, bundles/action/org.openhab.action.xmpp/src/main/java/org/openhab/action/xmpp/internal/XMPPConsole.java, 64, a4cae6ead26ae138ea6e073bae5636326027a53d, 9a2f220380a974b4920cffae3f7685c56f8a8ffe
openhab.openhab, bundles/action/org.openhab.action.xmpp/src/main/java/org/openhab/action/xmpp/internal/XMPPConsole.java, 64, a4cae6ead26ae138ea6e073bae5636326027a53d, 9a2f220380a974b4920cffae3f7685c56f8a8ffe
openhab.openhab, bundles/binding/org.openhab.binding.tinkerforge/src/main/java/org/openhab/binding/tinkerforge/internal/TinkerforgeBinding.java, 609, 036c682e1ad7ebb1de1639c5eb5337306a20bbb1, ada499af1f1dd40395f06873488a4e06adfe5554
openhab.openhab, bundles/binding/org.openhab.binding.tinkerforge/src/main/java/org/openhab/binding/tinkerforge/internal/TinkerforgeBinding.java, 609, 036c682e1ad7ebb1de1639c5eb5337306a20bbb1, ada499af1f1dd40395f06873488a4e06adfe5554
openhab.openhab, bundles/binding/org.openhab.binding.tinkerforge/src/main/java/org/openhab/binding/tinkerforge/internal/TinkerforgeBinding.java, 622, 036c682e1ad7ebb1de1639c5eb5337306a20bbb1, ada499af1f1dd40395f06873488a4e06adfe5554
openhab.openhab, bundles/binding/org.openhab.binding.tinkerforge/src/main/java/org/openhab/binding/tinkerforge/internal/TinkerforgeBinding.java, 622, 036c682e1ad7ebb1de1639c5eb5337306a20bbb1, ada499af1f1dd40395f06873488a4e06adfe5554
openhab.openhab, bundles/binding/org.openhab.binding.zwave/src/main/java/org/openhab/binding/zwave/internal/protocol/serialmessage/RemoveFailedNodeMessageClass.java, 56, e69f5321a7a2a446599b1b8e6a7f3d45dfbfa9eb, 48ca8ffcfc0e0860ecb735bd4c2c6e76c32c74a1
openhab.openhab, bundles/persistence/org.openhab.persistence.influxdb/java/org/openhab/persistence/influxdb/internal/InfluxDBPersistenceService.java, 175, f3a240337ca4534b2a61fc9f004b56472c0e1371, 22e30006db815a302631e823d4fbd95a9d030105
openhab.openhab, bundles/persistence/org.openhab.persistence.influxdb/java/org/openhab/persistence/influxdb/internal/InfluxDBPersistenceService.java, 175, f3a240337ca4534b2a61fc9f004b56472c0e1371, 22e30006db815a302631e823d4fbd95a9d030105
openhab.openhab, bundles/persistence/org.openhab.persistence.influxdb/java/org/openhab/persistence/influxdb/internal/InfluxDBPersistenceService.java, 180, f3a240337ca4534b2a61fc9f004b56472c0e1371, 22e30006db815a302631e823d4fbd95a9d030105
openhab.openhab, bundles/persistence/org.openhab.persistence.influxdb/java/org/openhab/persistence/influxdb/internal/InfluxDBPersistenceService.java, 180, f3a240337ca4534b2a61fc9f004b56472c0e1371, 22e30006db815a302631e823d4fbd95a9d030105
openhab.openhab, bundles/persistence/org.openhab.persistence.influxdb/java/org/openhab/persistence/influxdb/internal/InfluxDBPersistenceService.java, 267, f3a240337ca4534b2a61fc9f004b56472c0e1371, 22e30006db815a302631e823d4fbd95a9d030105
openhab.openhab, bundles/persistence/org.openhab.persistence.influxdb/java/org/openhab/persistence/influxdb/internal/InfluxDBPersistenceService.java, 267, f3a240337ca4534b2a61fc9f004b56472c0e1371, 22e30006db815a302631e823d4fbd95a9d030105
openhab.openhab, bundles/persistence/org.openhab.persistence.influxdb/java/org/openhab/persistence/influxdb/internal/InfluxDBPersistenceService.java, 272, f3a240337ca4534b2a61fc9f004b56472c0e1371, 22e30006db815a302631e823d4fbd95a9d030105
openhab.openhab, bundles/persistence/org.openhab.persistence.influxdb/java/org/openhab/persistence/influxdb/internal/InfluxDBPersistenceService.java, 272, f3a240337ca4534b2a61fc9f004b56472c0e1371, 22e30006db815a302631e823d4fbd95a9d030105
openhab.openhab, bundles/binding/org.openhab.binding.nibeheatpump/src/main/java/org/openhab/binding/nibeheatpump/protocol/NibeHeatPumpDataParser.java, 128, acc9d3961e1d0d8ebf12269a08566222ec382cf2, e19a3546c35eefddc429be2c0eb6193b72f719e6
openhab.openhab, bundles/binding/org.openhab.binding.nibeheatpump/src/main/java/org/openhab/binding/nibeheatpump/protocol/NibeHeatPumpDataParser.java, 128, ab9be0fd8eafec78ecec4f228ff1101658ea6d49, e19a3546c35eefddc429be2c0eb6193b72f719e6
openhab.openhab, bundles/binding/org.openhab.binding.zwave/src/main/java/org/openhab/binding/zwave/internal/protocol/serialmessage/AssignReturnRouteMessageClass.java, 51, d9fdfaf3134f4a1968f3d643369b76dae9c55560, f64254dfc52488385a7342b178000d7739cac9b7
openhab.openhab, bundles/binding/org.openhab.binding.zwave/src/main/java/org/openhab/binding/zwave/internal/protocol/serialmessage/AssignReturnRouteMessageClass.java, 51, d9fdfaf3134f4a1968f3d643369b76dae9c55560, f64254dfc52488385a7342b178000d7739cac9b7
openhab.openhab, bundles/ui/org.openhab.ui/src/main/java/org/openhab/ui/internal/chart/ChartServlet.java, 251, d5b318132a1f6c792c153abe354f51d1054bab81, 7cdab45a30d3678569f1b09911684ee673ab6f91
openhab.openhab, bundles/ui/org.openhab.ui/src/main/java/org/openhab/ui/internal/chart/ChartServlet.java, 251, d5b318132a1f6c792c153abe354f51d1054bab81, 7cdab45a30d3678569f1b09911684ee673ab6f91
openhab.openhab, bundles/binding/org.openhab.binding.zwave/src/main/java/org/openhab/binding/zwave/internal/ZWaveNetworkMonitor.java, 327, b46a613b6fc479896edcd659db9369d26063a00f, d4074a8a32de6a576c9dddac052f059cb0c7849e
openhab.openhab, bundles/binding/org.openhab.binding.zwave/src/main/java/org/openhab/binding/zwave/internal/ZWaveNetworkMonitor.java, 327, b46a613b6fc479896edcd659db9369d26063a00f, d4074a8a32de6a576c9dddac052f059cb0c7849e
openhab.openhab, bundles/core/org.openhab.core.persistence/src/main/java/org/openhab/core/persistence/extensions/PersistenceExtensions.java, 464, 0c04572d3c4dfd164456a085aaa9782541c8d718, 919146994feb63d842e414be882d7543bcbedcde
openhab.openhab, bundles/core/org.openhab.core.persistence/src/main/java/org/openhab/core/persistence/extensions/PersistenceExtensions.java, 506, 0c04572d3c4dfd164456a085aaa9782541c8d718, 919146994feb63d842e414be882d7543bcbedcde
openhab.openhab, bundles/core/org.openhab.core.persistence/src/main/java/org/openhab/core/persistence/extensions/PersistenceExtensions.java, 464, 296ba4ff8db020176e5b6abe058052a1314cd2ee, 2d9bd1d254352036fa02be9a5bb378003a82256a
openhab.openhab, bundles/core/org.openhab.core.persistence/src/main/java/org/openhab/core/persistence/extensions/PersistenceExtensions.java, 506, 296ba4ff8db020176e5b6abe058052a1314cd2ee, 2d9bd1d254352036fa02be9a5bb378003a82256a
openhab.openhab, bundles/ui/org.openhab.ui/src/main/java/org/openhab/ui/internal/chart/ChartServlet.java, 249, d338970323b86d631a5c1a786768133a0aabff46, c78edb0afc398057a6ce3e29c2670ccb4b8938b1
openhab.openhab, bundles/core/org.openhab.core.transform/src/main/java/org/openhab/core/transform/internal/service/JSonPathTransformationService.java, 44, 1d1489d03c272a0df15aea38b91088eed696786b, 6d9f9648e97aca3be6537a79aca534af1cc6d4ee
openhab.openhab, bundles/binding/org.openhab.binding.astro/src/main/java/org/openhab/binding/astro/internal/calc/SunCalc.java, 85, b0500e90373a5e606758f857329d576a4a1a3265, 9925cfd15f220fe15bdf85d57ccfbdaa22971d78
openhab.openhab, bundles/binding/org.openhab.binding.zwave/src/main/java/org/openhab/binding/zwave/internal/protocol/serialmessage/AssignReturnRouteMessageClass.java, 62, 147f64aa12e7491eea259d886f14818b227dadd0, a6d3148505ef870cacc0527667f53520802a971d
openhab.openhab, bundles/binding/org.openhab.binding.zwave/src/main/java/org/openhab/binding/zwave/internal/protocol/serialmessage/DeleteReturnRouteMessageClass.java, 62, 147f64aa12e7491eea259d886f14818b227dadd0, a6d3148505ef870cacc0527667f53520802a971d
openhab.openhab, bundles/binding/org.openhab.binding.zwave/src/main/java/org/openhab/binding/zwave/internal/protocol/serialmessage/DeleteReturnRouteMessageClass.java, 48, d3073dc1096ba35fa3ad849f0fb3870475bc9eff, dfe8d520fbb77ffaa6d907a6db025928240153fb
openhab.openhab, bundles/binding/org.openhab.binding.zwave/src/main/java/org/openhab/binding/zwave/internal/protocol/serialmessage/DeleteReturnRouteMessageClass.java, 62, dfe8d520fbb77ffaa6d907a6db025928240153fb, 2028f391750c568787000a3e6cf9af1b1f2c9cd7
openhab.openhab, bundles/binding/org.openhab.binding.zwave/src/main/java/org/openhab/binding/zwave/internal/protocol/serialmessage/DeleteReturnRouteMessageClass.java, 62, 4d0a4731c1d324b15b40d273001839dbada87375, 221d4dab452f59f7fe2c9463db09f0f83c688a0b
openhab.openhab, bundles/binding/org.openhab.binding.zwave/src/main/java/org/openhab/binding/zwave/internal/protocol/serialmessage/AssignReturnRouteMessageClass.java, 62, 2028f391750c568787000a3e6cf9af1b1f2c9cd7, 328ae872f891522badd54af6908537fc486c2284
openhab.openhab, bundles/binding/org.openhab.binding.zwave/src/main/java/org/openhab/binding/zwave/internal/protocol/serialmessage/AssignReturnRouteMessageClass.java, 62, 221d4dab452f59f7fe2c9463db09f0f83c688a0b, a6d3148505ef870cacc0527667f53520802a971d
openhab.openhab, bundles/binding/org.openhab.binding.zwave/src/main/java/org/openhab/binding/zwave/internal/protocol/initialization/ZWaveNodeStageAdvancer.java, 540, ec850bd48804a670b56d49d9e3d8d36c26f7674b, fbdc8f67cfd7f659e599283f8cf69c3c9ec47c54
openhab.openhab, bundles/binding/org.openhab.binding.zwave/src/main/java/org/openhab/binding/zwave/internal/protocol/initialization/ZWaveNodeStageAdvancer.java, 540, 4aff5e0b2a9a8ba3b5b151efe57c5ef574c04c82, fbdc8f67cfd7f659e599283f8cf69c3c9ec47c54
openhab.openhab, bundles/binding/org.openhab.binding.tellstick/src/main/java/org/openhab/binding/tellstick/internal/TellstickController.java, 82, 363544a4d4697d9de2391c31f4c61caf4deb8d8e, ead09c24d2d6a1c6fad5e0cc065df3211ed26478
openhab.openhab, bundles/binding/org.openhab.binding.zwave/src/main/java/org/openhab/binding/zwave/internal/protocol/ZWaveNode.java, 538, 8e1a7fa4aa2a70e51f6a68a88a31e39d9eae6215, 33138a3051ad49279a16234f1994835cf96defe6
openhab.openhab, bundles/binding/org.openhab.binding.zwave/src/main/java/org/openhab/binding/zwave/internal/protocol/serialmessage/AddNodeMessageClass.java, 91, 347894fc4ee82d26280c3a95665fdee04fb48966, d9559d3f29568c720cd967b2abf0e47745a33a36
openhab.openhab, bundles/binding/org.openhab.binding.zwave/src/main/java/org/openhab/binding/zwave/internal/protocol/serialmessage/AddNodeMessageClass.java, 91, 347894fc4ee82d26280c3a95665fdee04fb48966, d9559d3f29568c720cd967b2abf0e47745a33a36
openhab.openhab, bundles/binding/org.openhab.binding.zwave/src/main/java/org/openhab/binding/zwave/internal/protocol/serialmessage/AddNodeMessageClass.java, 98, 347894fc4ee82d26280c3a95665fdee04fb48966, d9559d3f29568c720cd967b2abf0e47745a33a36
openhab.openhab, bundles/binding/org.openhab.binding.zwave/src/main/java/org/openhab/binding/zwave/internal/protocol/serialmessage/AddNodeMessageClass.java, 98, 347894fc4ee82d26280c3a95665fdee04fb48966, d9559d3f29568c720cd967b2abf0e47745a33a36
openhab.openhab, bundles/core/org.openhab.core.persistence/src/main/java/org/openhab/core/persistence/extensions/PersistenceExtensions.java, 542, 175ce3aa1fdf3ce5d8c4a6965edbfc6254d1488b, eb39fb1e727512e2ef938e9d4903c5ef15a4ceb8
openhab.openhab, bundles/action/org.openhab.action.xmpp/src/main/java/org/openhab/action/xmpp/internal/XMPP.java, 141, 5324bb65a6b5d94652f950f2b03fd6345fb6f66d, 4962f78c15541005454776469cfaaf8fea023b7d
openhab.openhab, bundles/action/org.openhab.action.xmpp/src/main/java/org/openhab/action/xmpp/internal/XMPP.java, 141, 5324bb65a6b5d94652f950f2b03fd6345fb6f66d, 4962f78c15541005454776469cfaaf8fea023b7d
openhab.openhab, bundles/binding/org.openhab.binding.rfxcom/src/main/java/org/openhab/binding/rfxcom/internal/messages/RFXComLighting1Message.java, 92, 4962f78c15541005454776469cfaaf8fea023b7d, affaf7a4b7a13dc0a9051389de0935f1a94dfd70
openhab.openhab, bundles/binding/org.openhab.binding.rfxcom/src/main/java/org/openhab/binding/rfxcom/internal/messages/RFXComLighting2Message.java, 90, 4962f78c15541005454776469cfaaf8fea023b7d, affaf7a4b7a13dc0a9051389de0935f1a94dfd70
openhab.openhab, bundles/binding/org.openhab.binding.rfxcom/src/main/java/org/openhab/binding/rfxcom/internal/messages/RFXComLighting5Message.java, 104, 4962f78c15541005454776469cfaaf8fea023b7d, affaf7a4b7a13dc0a9051389de0935f1a94dfd70
openhab.openhab, bundles/binding/org.openhab.binding.rfxcom/src/main/java/org/openhab/binding/rfxcom/internal/messages/RFXComLighting6Message.java, 81, 4962f78c15541005454776469cfaaf8fea023b7d, affaf7a4b7a13dc0a9051389de0935f1a94dfd70
openhab.openhab, bundles/action/org.openhab.action.xmpp/src/main/java/org/openhab/action/xmpp/internal/XMPP.java, 141, 5753a956fa6ddc6e3d41edef4f32af4d7be0d90e, affaf7a4b7a13dc0a9051389de0935f1a94dfd70
openhab.openhab, bundles/action/org.openhab.action.xmpp/src/main/java/org/openhab/action/xmpp/internal/XMPP.java, 141, 5753a956fa6ddc6e3d41edef4f32af4d7be0d90e, affaf7a4b7a13dc0a9051389de0935f1a94dfd70
openhab.openhab, bundles/binding/org.openhab.binding.homematic/src/main/java/org/openhab/binding/homematic/internal/communicator/client/HomegearClient.java, 256, ef856da1a07d02a91bc3a02d9b04c604d1f5e1a1, 4dead217efa9594effb6d341c50bb0acfdbd9ffb
openhab.openhab, bundles/binding/org.openhab.binding.homematic/src/main/java/org/openhab/binding/homematic/internal/communicator/client/HomegearClient.java, 256, ef856da1a07d02a91bc3a02d9b04c604d1f5e1a1, 4dead217efa9594effb6d341c50bb0acfdbd9ffb
openhab.openhab, bundles/binding/org.openhab.binding.astro/src/main/java/org/openhab/binding/astro/internal/util/DateTimeUtils.java, 41, ca588103009cd6ffe00ee721ac9bb9832d3a182f, 0694aa13c8328956aa79d0c5ac86cd314a10b10b
openhab.openhab, bundles/binding/org.openhab.binding.opensprinkler/src/main/java/org/openhab/binding/opensprinkler/internal/OpenSprinklerBinding.java, 106, 68f75a89c554dc819e7a0c9afa8bd2fe7fe5777d, 4875094030e36ce271c1800b20ec413497d90052
openhab.openhab, bundles/binding/org.openhab.binding.astro/src/main/java/org/openhab/binding/astro/internal/util/DateTimeUtils.java, 41, 4830b54a225ecadc65476d0431f71be0d30ad258, b69b24af96bf85b6b42271f021618c84571293d6
openhab.openhab, bundles/binding/org.openhab.binding.alarmdecoder/src/main/java/org/openhab/binding/alarmdecoder/internal/AlarmDecoderBinding.java, 437, 5625c762fd70e1a630ab64da8772c2ef611b16f7, 82555d3d1bc71f713ad22937d980b700d072e727
openhab.openhab, bundles/binding/org.openhab.binding.maxcul/src/main/java/org/openhab/binding/maxcul/internal/messages/MaxCulMsgHandler.java, 233, c0fc1a0d3ae085658408d3644e9a676478ee696b, f9ae3ed39b2902debf74bf0d584882bbf80940e4
openhab.openhab, bundles/core/org.openhab.core/src/main/java/org/openhab/core/internal/items/ItemRegistryImpl.java, 75, 93b0ac77e59d936e91684ba016978a315d50d055, d9bc9431441ca3e0069a5082d846a795e366c9f0
openhab.openhab, bundles/core/org.openhab.core/src/main/java/org/openhab/core/internal/items/ItemRegistryImpl.java, 75, 93b0ac77e59d936e91684ba016978a315d50d055, d9bc9431441ca3e0069a5082d846a795e366c9f0
openhab.openhab, bundles/persistence/org.openhab.persistence.influxdb/java/org/openhab/persistence/influxdb/internal/InfluxDBPersistenceService.java, 320, a1977e8e8dccb0e73d05be1e84e7919525b9b413, a36238c41dd2fbaeb61212b2dac12e0e305f83cf
openhab.openhab, bundles/persistence/org.openhab.persistence.influxdb/java/org/openhab/persistence/influxdb/internal/InfluxDBPersistenceService.java, 320, a1977e8e8dccb0e73d05be1e84e7919525b9b413, a36238c41dd2fbaeb61212b2dac12e0e305f83cf
openhab.openhab, bundles/binding/org.openhab.binding.astro/src/main/java/org/openhab/binding/astro/internal/calc/AstroCalculator.java, 67, 556b9e45e830a0b78912baf9e1217e92e683306d, 4e6c7b2e9e3a62f4ded011c57e302d75cf07dd6c
openhab.openhab, bundles/binding/org.openhab.binding.astro/src/main/java/org/openhab/binding/astro/internal/calc/AstroCalculator.java, 67, 556b9e45e830a0b78912baf9e1217e92e683306d, 4e6c7b2e9e3a62f4ded011c57e302d75cf07dd6c
openhab.openhab, bundles/binding/org.openhab.binding.astro/src/main/java/org/openhab/binding/astro/internal/calc/AstroCalculator.java, 67, bae26ad317c876853159a7a2af7429c0d9d73455, 4e6c7b2e9e3a62f4ded011c57e302d75cf07dd6c
openhab.openhab, bundles/binding/org.openhab.binding.astro/src/main/java/org/openhab/binding/astro/internal/calc/AstroCalculator.java, 67, bae26ad317c876853159a7a2af7429c0d9d73455, 4e6c7b2e9e3a62f4ded011c57e302d75cf07dd6c
openhab.openhab, bundles/binding/org.openhab.binding.homematic/src/main/java/org/openhab/binding/homematic/internal/communicator/CcuCommunicator.java, 332, d33a3d853e6465ec8985d1a1b36b7d64f066c130, 7f3d64372b182310a1fc76ef8260b22171d798a4
openhab.openhab, bundles/binding/org.openhab.binding.homematic/src/main/java/org/openhab/binding/homematic/internal/communicator/CcuCommunicator.java, 332, d33a3d853e6465ec8985d1a1b36b7d64f066c130, 7f3d64372b182310a1fc76ef8260b22171d798a4
openhab.openhab, bundles/binding/org.openhab.binding.zwave/src/main/java/org/openhab/binding/zwave/internal/ZWaveNetworkMonitor.java, 253, 8e837d44d58c55a2bb1f84d779f855c7b8ddf057, 77e232d22102058ff91a8dcb00cc229d2fe5f994
openhab.openhab, bundles/binding/org.openhab.binding.zwave/src/main/java/org/openhab/binding/zwave/internal/ZWaveNetworkMonitor.java, 268, 5d40c31aa7c36597ce311bca7da61a0e2773e7d2, a30db7c29a77131e5f4bc422dd35fe4d4392dcaa
openhab.openhab, bundles/binding/org.openhab.binding.zwave/src/main/java/org/openhab/binding/zwave/internal/protocol/initialization/ZWaveNodeStageAdvancer.java, 72, 004f81971e27dec7bc7af3531c2d09dbe255702c, b9f793a5a5ae78380c3a8948e3b7fcc5c2634e92
openhab.openhab, bundles/binding/org.openhab.binding.zwave/src/main/java/org/openhab/binding/zwave/internal/protocol/initialization/ZWaveNodeStageAdvancer.java, 72, cabb0556773c6e13c1932c38eebed5ddb58c1350, af34270e5ee51f602c5b54d117bd3db5f0b7d7d2
openhab.openhab, bundles/binding/org.openhab.binding.zwave/src/main/java/org/openhab/binding/zwave/internal/protocol/commandclass/ZWaveMultiLevelSwitchCommandClass.java, 163, a780dfa013624609ebbbeae48086c07b251bf0e8, 79e618160efa0ee24ce3c98a165b21acf5c46b75
openhab.openhab, bundles/binding/org.openhab.binding.maxcube/src/main/java/org/openhab/binding/maxcube/internal/message/Device.java, 118, 339f3ee107cdfd72dbee9201de4b5c1994168b5b, 345389a8a106a9405248e03e54224bc453f504c4
openhab.openhab, bundles/binding/org.openhab.binding.maxcube/src/main/java/org/openhab/binding/maxcube/internal/message/Device.java, 120, 339f3ee107cdfd72dbee9201de4b5c1994168b5b, 345389a8a106a9405248e03e54224bc453f504c4
openhab.openhab, bundles/binding/org.openhab.binding.maxcube/src/main/java/org/openhab/binding/maxcube/internal/message/Device.java, 122, 339f3ee107cdfd72dbee9201de4b5c1994168b5b, 345389a8a106a9405248e03e54224bc453f504c4
openhab.openhab, bundles/binding/org.openhab.binding.maxcube/src/main/java/org/openhab/binding/maxcube/internal/message/Device.java, 124, 339f3ee107cdfd72dbee9201de4b5c1994168b5b, 345389a8a106a9405248e03e54224bc453f504c4
openhab.openhab, bundles/binding/org.openhab.binding.sonos/src/main/java/org/openhab/binding/sonos/internal/SonosBinding.java, 455, b4d3abf05eee0c6cec4c56fa2853521d95d495e0, 8b0f3cb61e1854d1775f9f85e5d1c0d88cab086b
openhab.openhab, bundles/binding/org.openhab.binding.sonos/src/main/java/org/openhab/binding/sonos/internal/SonosBinding.java, 455, b4d3abf05eee0c6cec4c56fa2853521d95d495e0, 8b0f3cb61e1854d1775f9f85e5d1c0d88cab086b
openhab.openhab, bundles/binding/org.openhab.binding.sonos/src/main/java/org/openhab/binding/sonos/internal/SonosBinding.java, 502, b4d3abf05eee0c6cec4c56fa2853521d95d495e0, 8b0f3cb61e1854d1775f9f85e5d1c0d88cab086b
openhab.openhab, bundles/binding/org.openhab.binding.sonos/src/main/java/org/openhab/binding/sonos/internal/SonosBinding.java, 502, b4d3abf05eee0c6cec4c56fa2853521d95d495e0, 8b0f3cb61e1854d1775f9f85e5d1c0d88cab086b
openhab.openhab, bundles/binding/org.openhab.binding.zwave/src/main/java/org/openhab/binding/zwave/internal/ZWaveActiveBinding.java, 114, 4ff24720acfd9f9c2100a852526e6a8828277c56, 9eff311e801c4674d508d7e081d4a085c07ec37d
openhab.openhab, bundles/binding/org.openhab.binding.zwave/src/main/java/org/openhab/binding/zwave/internal/ZWaveActiveBinding.java, 114, 8ac574dd4bedea9829f0403ba2718e86c6aa5211, 9eff311e801c4674d508d7e081d4a085c07ec37d
openhab.openhab, bundles/binding/org.openhab.binding.maxcube/src/main/java/org/openhab/binding/maxcube/internal/MaxCubeBinding.java, 264, e81d608aa900b1b569ddfdd0dd41a0fe207d3eae, 44c0bf088e2f3c3e91c5dc6b57e23c49c0254835
openhab.openhab, bundles/binding/org.openhab.binding.homematic.test/src/test/java/org/openhab/binding/homematic/internal/converter/lookup/StateConverterLookupByCustomConverterTest.java, 19, e16bf78360f5a93cbc6db48fa486f445e4b9a21a, 25a93b67647105804b4db078907a1919c49994f9
openhab.openhab, bundles/binding/org.openhab.binding.homematic.test/src/test/java/org/openhab/binding/homematic/internal/converter/lookup/StateConverterLookupByCustomConverterTest.java, 27, e16bf78360f5a93cbc6db48fa486f445e4b9a21a, 25a93b67647105804b4db078907a1919c49994f9
openhab.openhab, bundles/binding/org.openhab.binding.maxcube.test/src/test/java/org/openhab/binding/maxcube/internal/message/S_CommandTest.java, 32, 63c73d11b2de514fde3e299b573334b82089045c, 116399f5c2bfdb90075368f624a057ef02a1bdc3
openhab.openhab, bundles/binding/org.openhab.binding.maxcube.test/src/test/java/org/openhab/binding/maxcube/internal/message/S_CommandTest.java, 44, 63c73d11b2de514fde3e299b573334b82089045c, 116399f5c2bfdb90075368f624a057ef02a1bdc3
openhab.openhab, bundles/binding/org.openhab.binding.s300th.test/src/test/java/org/openhab/binding/s300th/internal/ParsingTest.java, 25, ea323fc628b5c5f5fb0a954650e96be6adc32858, f5b4f47638ac513227bf880676e0ef98dbea56c9
openhab.openhab, bundles/binding/org.openhab.binding.s300th.test/src/test/java/org/openhab/binding/s300th/internal/ParsingTest.java, 25, ea323fc628b5c5f5fb0a954650e96be6adc32858, f5b4f47638ac513227bf880676e0ef98dbea56c9
openhab.openhab, bundles/binding/org.openhab.binding.zwave/src/main/java/org/openhab/binding/zwave/internal/protocol/commandclass/ZWaveMultiInstanceCommandClass.java, 284, 3d3e4c90f6e07eb007fbe2b88567cf911ff11a36, 1b4e30ac3b74f2fa10072070764a6258a0810fa6
openhab.openhab, bundles/binding/org.openhab.binding.zwave/src/main/java/org/openhab/binding/zwave/internal/protocol/commandclass/ZWaveMultiInstanceCommandClass.java, 380, 3d3e4c90f6e07eb007fbe2b88567cf911ff11a36, 1b4e30ac3b74f2fa10072070764a6258a0810fa6
openhab.openhab, bundles/binding/org.openhab.binding.zwave/src/main/java/org/openhab/binding/zwave/internal/protocol/commandclass/ZWaveMultiInstanceCommandClass.java, 284, ae4306077fa74cd401217e22db96605f060d7a3d, a626fc33dd81e3a777c175bf20b63f9ecfec225c
openhab.openhab, bundles/binding/org.openhab.binding.zwave/src/main/java/org/openhab/binding/zwave/internal/protocol/commandclass/ZWaveMultiInstanceCommandClass.java, 380, ae4306077fa74cd401217e22db96605f060d7a3d, a626fc33dd81e3a777c175bf20b63f9ecfec225c
openhab.openhab, bundles/binding/org.openhab.binding.swegonventilation/src/main/java/org/openhab/binding/swegonventilation/protocol/SwegonVentilationUDPConnector.java, 77, 39a8ea967e9f35cb5eab811c5d7d4d8451be747d, 004798452cd63397d4c16421e2b77e90d503d943
openhab.openhab, bundles/io/org.openhab.io.transport.cul/src/main/java/de/akuz/cul/CULManager.java, 109, 9a55fc5fadf79bfccbb6e8cf7264e52e9f9aacb6, b3c09231a9326a55fc6dbafa02c69fc839f6b0ae
openhab.openhab, bundles/io/org.openhab.io.transport.cul/src/main/java/de/akuz/cul/CULManager.java, 109, 9a55fc5fadf79bfccbb6e8cf7264e52e9f9aacb6, b3c09231a9326a55fc6dbafa02c69fc839f6b0ae
openhab.openhab, bundles/model/org.openhab.model.item/src/org/openhab/model/item/internal/GenericItemProvider.java, 146, 08d6809933b9ad51cba7731ec5de7e35857e9b22, fab036055d985cabb131154ee428c4795520f736
openhab.openhab, bundles/core/org.openhab.core/src/main/java/org/openhab/core/service/AbstractActiveService.java, 164, 2ead92b6588f9d07196630db46d350636fe40efd, 8aa9c2d2aa45cd2f9e113d835c457856420009fe
openhab.openhab, bundles/core/org.openhab.core/src/main/java/org/openhab/core/service/AbstractActiveService.java, 164, 2ead92b6588f9d07196630db46d350636fe40efd, 8aa9c2d2aa45cd2f9e113d835c457856420009fe
openhab.openhab, bundles/core/org.openhab.core/src/main/java/org/openhab/core/internal/items/ItemRegistryImpl.java, 197, 41e1d069bfa275a85a4a963c2ec5f437570f76f4, c739a779b8f03cc21665d1f0d877de62ffaabc9f
openhab.openhab, bundles/model/org.openhab.model.rule/src/org/openhab/model/rule/internal/engine/RuleEngine.java, 193, d819e4c0748aad7ed80b002b21b0ad8dad2d54b0, f6f255838943dfb92c0ed6fac973428ece6723ee
openhab.openhab, bundles/core/org.openhab.core/src/main/java/org/openhab/core/items/GenericItem.java, 120, 73a9aed3e2382dff82904b83f1ceb3fa52484889, 2e2b5fe965e1f91c93cfe841ef58c143fc80129d
openhab.openhab, openhab-runtime/core/core/src/main/java/org/openhab/core/events/AbstractEventSubscriber.java, 40, a5383d4f1932c9d50861d57676bbfe5767a9eb1e, 3ebf96a23fa4527ee7d1383849c557a7f9905ef4
